	1639	1423	1280	1613	28901	1680	1351	139	2702	287	562	813	432308	2022747	70584
f56c2a13-e09f-424e-9151-b548e0c36ff4	1.0														
4329a042-4376-47ec-ab85-d83856207b24	0.9998268416682671		0.00017315833173288872												
89ef17c8-6bc8-4ee3-b473-4eb0f3c1f71e	1.0														
4378574f-804f-4678-a4d7-86cee7e9209f	1.0														
17c7ad60-f5fa-4636-843d-393246d102c9	1.0														
d3a515f4-6035-48b7-9296-5bd5eccfa2b8	1.0														
0780fffd-cead-4877-bd38-021140d7819c	1.0														
214a369f-a85b-41ad-96f5-e0945d8b0671	1.0														
4204d25e-40c2-4717-b888-d837ecb3ac66	1.0														
5ca15c29-1d8c-4ffe-a468-453b0e2d878e	1.0														
3e9fb63e-fa72-412a-a1c2-73155b480de1	1.0														
e4c2a9c3-8ae2-4572-967f-4b398bf64b0b	1.0														
7dde459f-1952-47ab-b8d5-bd63bb1a3cab	1.0														
a9b336f1-aa9d-4bca-a197-651e990d748f	1.0														
04ed8e92-6712-44d1-811e-62aac2232800	1.0														
985f1838-fff5-4410-b322-cd71e33d153a	1.0														
76c62aa8-5b3b-4439-a3f0-54292b0f3100	1.0														
3be2023f-3b5c-4b31-a78b-87c9bf5d9157	1.0														
39447432-fea8-47ee-a89d-cc1dc90a5dae	1.0														
a0fab106-dd52-4c9f-a332-c7d1b9f43585	1.0														
4bdf6d3f-72e4-482a-a765-3091d4e3aecf	1.0														
fe0c072d-106e-49b2-aa0a-36caeb7bd576	1.0														
de9e68d2-a602-4efb-a209-a4a4ab10e86b	1.0														
a925c2f8-e1cb-4462-bbc1-0322db4ec5f3	1.0														
5437c856-e3da-460a-a119-7237514845f1	1.0														
b56e6f19-ac50-4723-9f0e-48d46a998328	1.0														
ee73345a-a7b4-4b1a-931f-3d6ac4714696	1.0														
c73ff8aa-c336-4eb8-a81f-c35f20fc5864	1.0														
1fcf7965-23ce-460d-b1ae-878588859e46	1.0														
5b9744b8-39ef-4fb3-b3c8-b1ebba8eeb29	1.0														
23121f7c-d6b8-4bf6-9eb6-3d1bac531e13	1.0														
1fda26ab-c4b5-4a00-b797-d3ae4ffb0f37	1.0														
a5169d5d-1c2e-4451-b6c9-077ca1ae9143	1.0														
5cfc1664-37b8-49b6-8f99-c7e0079dac6e	1.0														
0c3f13c0-75ea-4234-9f64-85830ed8d031	1.0														
92b7e3d5-813e-4418-b9d9-baba60e9f331	1.0														
682c6034-ba1d-40e3-81cd-6cb2ad2c026d	1.0														
e9516071-4d5b-4d45-ab8b-7b8c7334519b	1.0														
29b85468-8e30-4673-bfe0-e68630060102	1.0														
de47292f-0931-4988-b5c2-c38550930c6f	1.0														
e2fa6f32-48af-494f-815b-1aa88c355e0f	1.0														
ebdcd538-39b3-428a-b611-84e8f7f3a7e6	1.0														
e957b3ca-0d84-4639-b177-575ea1e3849b	1.0														
337e0e74-3554-4955-98b7-3de6a0276140	1.0														
938fd3b2-0715-417b-80dd-aa9d09a3b926	1.0														
2203f597-e166-4d17-824f-57e98bd0e6d5	1.0														
3a880813-bdc6-4822-be37-50dd3de76ebe	1.0														
829454c3-7a09-4d95-a276-79bc5a5f8854	4.483404162061766e-80	1.0													
20730d76-b7ac-4f15-994e-bf48b530968d	1.0														
01233d3c-8424-49ba-b7be-c10af9f70346	1.0														
926c95e8-2dbc-4e2a-a3f4-afec4f462b0b	1.0														
1a0f0479-3fdb-4b5d-b58f-865adc556b82	1.0														
a2c7b08b-7d15-4587-b464-5ebffd8bfd8f	1.0														
3f0b57ee-0702-4dd1-9670-6405aabd3fb4	1.0														
5f2e57b5-68bf-4bea-bd9d-cf0296ce1691	1.0														
cf027fe2-ab89-496d-8f58-469cba442a71	1.0														
aa804032-106c-4f2f-bff1-d08bc6c711e0	1.0														
bceae940-bcd2-49ee-8914-e6dc307b734e	1.0														
6d1c0779-d9a5-4116-ae4b-a24263c54e7f	1.0														
6102dac8-7151-49dd-b621-2d1110e15db4	1.0														
e151cd0d-b9e7-46a0-8504-3bda649d892c	1.0														
20fd2017-f571-49a7-a73c-e6e22a780c89	1.0														
0ca412af-cf0c-41a8-8405-10922bfceb1e	1.0														
3083eea2-0450-4155-b917-bb14d23e6775	1.0														
9d89ad2e-fc63-4666-8ac9-49b4b0b111a2	1.0														
35b6df57-53e1-4544-98c5-79e1d10be3b9	1.0														
dd67f13d-5d1d-45a2-a7c7-f4d6f4c43115	1.0														
6fe946f5-8571-4b24-9b0e-2f4067647243	1.0														
25ef0f71-67fc-4c13-80e1-06b4bfe695c1	1.0														
22eb8c71-ddc5-4599-84af-04022f61ccb1	1.0														
d34a1a74-0390-4004-a8f7-e7acc049cdcd	1.0														
f73803e5-3c88-4de5-bdbc-ef4c446bd039	1.0														
f2384f94-fa55-4eda-80a9-6c22d8579f4c	1.0														
17b9a190-5aa5-4ff7-9df6-4da02696e263	1.0														
41991656-0ba5-4064-bda9-96b0dc654904	1.0														
ee4a5fca-0966-46e0-96c0-f146a864e501	1.0														
fc9bb998-0194-4e7d-bdfe-13a03ce98a09	1.0														
1f16c6de-526d-4142-8a19-7469353872a9	1.0														
b9825270-c37c-4999-8114-c1fadaa591f6	1.0														
a8692ad9-faa9-4a7b-a8d9-9b693249a5aa	1.0														
88cd8129-d1a3-45b0-b7e2-cd9e0773fb3b	1.0														
599fa9e6-e075-46e2-be80-00b147c2874f	1.0														
81820f3c-1018-4f2e-b6f1-132535250e5d	1.0														
43bbf704-61aa-4c4d-af94-2237ad9cf97a	1.0														
cf309e02-e070-49c9-bb55-58ab0a51dd21	1.0														
66e5cbd9-34f4-4d16-93b7-83a64636dbb4	1.0														
3ab16445-4939-419b-b36e-adbc5a3a106e	1.0														
f9259bb2-44d0-41b1-a9d1-29102438236f	1.0														
a4de798a-5911-4a48-a9ab-3ac9b8befa59	1.0														
db34b538-4bd3-41df-85a1-e35f41c601f9	1.0														
3e0b8c7b-1480-4f01-8357-0ae8c371ee41	1.0														
19843aec-3d7c-4c51-8d25-f7c9dc77ef60	1.0														
0b8ed6bd-6d55-4948-af59-c015096a6fdd	1.0														
d1425051-b3a7-41e1-b330-6afc765a932b	1.0														
e971cefe-101d-44d7-a0a1-4e7797b9d382	1.0														
f9d46c9b-c1c3-43ba-ad71-2dfa9ecd9c22	1.0														
9cb45e79-f5e3-4a43-8246-77b4f23b89a4	1.0														
91636643-74c6-4d5e-bc0c-6e27e86f0b15	1.0														
20b58f07-a6ff-4bc7-a333-7fb8b73ab5ae	1.0														
902d3290-b5fe-41cd-af1b-c48d944b5464	1.0														
e4296e24-9858-4c92-a936-364c3a23f027	1.0														
520431e1-a523-4233-996b-447f297aad78	1.0														
831e5610-b475-4de5-a4e3-a8859fb98ecb	1.0														
5f1dc8e6-9c23-471f-acc8-05deababb0ae	1.0														
1001b6a3-95d0-4702-b4ad-3afd46f0812d	1.0														
21c97672-f7dc-46dc-a313-4f4732754e1a	1.0														
bc9ca93e-47ff-41e1-88bd-42be4df74162	1.0														
3fab303d-7789-466b-bafa-de1d3646a774	1.0														
6c5dfcc2-39b3-4ed5-a3fb-7c819c1b774e	1.0														
193cf7ef-2df9-492a-9dab-8c263e7fd5b0	1.0														
988036c6-aae6-45bd-a387-1d797393fe7b	1.0														
1e256a69-d81d-42f8-b988-c84c75abe1de	1.0														
87bb0c36-1eb3-4332-b2a8-ae9718c28661	1.0														
748f73a6-d393-44ff-af87-a1e6e088405a	1.0														
17d078d7-07a2-4840-a3b3-d1cc79c4de7d	1.0														
9047b8af-0441-4d7f-ab4b-1637a479e680	1.0														
b7ff5899-4b10-4108-98b5-596538671890	1.0														
9d8d9469-d997-490f-974b-18fc9a8460cd	1.0														
7c412dba-b55f-421f-aa6c-54f4044530b7	1.0														
7ef474ef-6f06-480e-87ff-67d20c80bae3	1.0														
a93f877a-8b2c-4115-85b4-a4e1ea8b7304	1.0														
1441fa08-1d86-42d5-b8d6-ad6186778d9f	1.0														
5a4fec83-0e11-43d6-87a8-356ab57f0373	1.0														
2b3a51c5-e6a4-4b31-976b-70ad611aadb2	1.0														
cd579114-efe5-473e-ac0c-3fb5ab103d05	1.0														
2f945679-8b77-4bdd-a99c-91c195839a29	1.0														
eda77569-fa36-47d7-908d-fc20ed2c276a	1.0														
7dc00052-3532-4bfd-abd5-61fc35f740a8	4.092232328558322e-91						1.0								
5066561f-e864-4369-bb79-c0066963ee3f	1.0														
49e034a2-f4e5-4fc9-9494-aa631f39480d	1.0														
8b7fedd1-6b36-4d8c-af3c-d920cd1bfd7e	1.0														
0b5c639f-0136-434d-8c50-e0293f2fd16d	1.0														
59b42e0f-ae18-471f-8b90-7a2b5904abb6	1.0														
08893514-c6d2-4b96-9aeb-c28220595e2e	1.0														
ffd41026-3806-4b99-abf0-21e177345970	1.0														
0e58b422-4bb3-4874-9027-5b46afb57e61	1.0														
fe19997b-8b89-4f5f-913b-883a8865b0aa	1.0														
b6aec70e-0aed-4720-b347-d026d1fada43	1.0														
44d98cec-93b2-4e70-af79-0851f4dc9281	1.0														
32432e59-5f15-4e58-b794-aa3f6cf03768		1.0													
ebaa0069-549b-49f4-bd7e-d3b821244977		1.0													
f01c703c-009d-40f6-ac3e-27c49ccd82ac		1.0													
12abc646-fa51-4f89-9056-cbcd1e52d64a		1.0													
e362252d-9b6e-406f-878a-4bbcdd59b982		1.0													
829b1fb4-b581-469e-aa32-b301a943ab46		1.0													
adff0422-a366-4c00-9668-c7cbd04beece		1.0													
32a9ac8c-210a-41c1-91c1-c4c8429ae1d2		1.0													
c75f8528-1484-4ac7-ab03-ab2745ee15b1		1.0													
7def3b35-1ac0-4991-b2d7-fc7f3e5f42ff		1.0													
9664cb32-0729-4690-976e-eb3bbf44730a		1.0													
fb7cae8a-004c-438a-90d1-f7b4f75cb08b		1.0													
4d6185db-ec54-4c48-b672-2d4a4c2424a9		1.0													
78f1ac7f-126b-4660-8885-2d5b35046dc2		1.0													
97eff8b0-fa23-4bf4-af6c-1f203aab4ce9		1.0													
8a8470ab-35da-47bc-87f3-2fe09cc29b59		1.0													
eb9768d9-3d43-416b-ab57-2d31037e4dd9		1.0													
200d459e-d3de-425d-b1f4-36d2440442b9		1.0													
de50437b-d161-433f-9b4b-d58e27e14958		1.0													
49aa0375-5b07-487c-b796-fcfe0407aefc		1.0													
c9d46291-cebf-40f0-afa5-bdd003f4fe28		1.0													
2f22d660-d95f-4f7e-bd25-530a19648ec5		1.0													
7838699c-c89a-4d88-9a81-0ceb21ca536e		1.0													
f793d5a9-8fb4-44df-8662-862d7a458d13		1.0													
477e226f-84df-499f-ab22-81e07b615432		1.0													
d17fa999-f14f-4e50-9812-801090428c43		1.0													
46b4877a-6af7-425a-9992-76d3681286f1		1.0													
cf2b224e-6ba8-4838-a43e-a10cafa9ec82		1.0													
7f554ba8-7861-486a-817b-ae00092802d1		1.0													
3d9decd2-be75-46d6-b235-40a7a7dddcb9		1.0													
92a8d60a-44fd-4b56-83d8-65c9b975bd37		1.0													
2f6a15d5-06d0-45a8-aa1f-1dd37600f909		1.0													
15889eab-2a4e-4d87-89d8-7caa1af7d56d		1.0													
e225f53c-9801-4ad3-b475-e275f43b8923		1.0													
03df03ae-5523-46eb-a24a-3b1c6ab62aa0		1.0													
ea4bee50-48c9-4716-9d58-2f8265e10baf		1.0													
81e562ef-5bd0-463e-8b8f-6a3be8515d8f		1.0													
49c0c96b-f5e3-4ded-8d8d-cda116416908		1.0													
4fefb7d8-357a-4efd-ac83-fa25e5b6aedc		1.0													
91280435-468d-4107-928d-bf949921b9b8		1.0													
3910186b-5081-4380-91cd-4ce0c9ffe7d3		1.0													
52439457-eeb6-4a4a-abfb-801390697d7a		1.0													
fdadb2d5-749c-469b-b673-1fabd0be0a3c		1.0													
ee0a16c4-c22b-49b8-b656-4678b39d8f24		1.0													
1e79cebd-0719-415b-95c1-8e41f4efa82e		1.0													
3723ecb5-57a0-481e-8ee2-e04b8d5f493f		1.0													
2ca7768e-e0b6-4cca-a2a8-5ed63c0fb14e		1.0													
35e84188-defa-488d-9712-a596a4aac8bd		1.0													
5c05446b-b378-4704-9375-7e8a0b37a6b4		1.0													
81793eb8-0ca8-4350-a447-69468e79e6de		1.0													
98db315d-5674-49f3-8ba5-8e769aed0796		1.0													
aac75095-5abe-4048-b913-057df239e7c8		1.0													
ccaa8584-4b6f-4a94-895f-c2412c62409b		1.0													
8630131a-5ec3-4c52-97e0-215cfd8d1cdf		1.0													
851e5365-173c-4c5b-b839-b680f54421f4		1.0													
3e3b9802-3b20-4495-b331-5c7016266433		1.0													
455a7292-96d4-4409-bfd4-96189b4f76e8		1.0													
f5af6e12-db87-4a61-81c2-9b6607168d81		1.0													
b4f211b4-4a9d-4865-8dfb-be010b9becee		1.0													
9234da6a-14ae-407a-8e07-2d29b6afe2d6		1.0													
d320501b-67fe-4a2c-93bf-0f2f236053e9		1.0													
531fa79c-974e-4e24-be17-17e64996ec50		1.0													
3ed7ae12-cf54-4431-9936-f0fc5901c822		1.0													
c09eaab4-fd1f-4fa8-bc42-1e5d0feadc5d		1.0													
b07a4517-2031-45d8-a0f4-a1dc69971b8f		1.0													
7791f384-dc93-42e7-bd69-691a5f67ff54		1.0													
2d9e423b-983e-40a8-969e-f3b96ee96cbd		1.0													
d310f034-098f-49b6-b0bd-5293bd2ea432		1.0													
0fa1a023-5e13-445e-8793-3fc0104ab224		1.0													
8963b4b4-209e-4043-b9f8-4a4ab3019884		1.0													
bf77b4cc-5321-4a49-9216-cda8f01a0d1f		1.0													
8205dd66-41ed-457a-b7dd-349905fa5dfd		1.0													
6476e47a-ad2c-4c64-832d-fac846d4f13d		1.0													
584b4cea-597b-496d-aad1-0493c1e5c8bb		1.0													
b5492054-558a-4702-9cfa-494fb9baef84		1.0													
fbf46ab5-bef5-4307-9b46-610a5a4a0f39		7.018916551392099e-39	1.0												
d880f42d-e014-485d-bd09-18575f980c12		1.0													
80f3b692-0d8d-49df-97a5-07d8170bf20b		1.0													
2f909f41-44f5-45b4-8190-72341e331d45		1.0													
eb668e73-dac6-473d-a47b-5904c607ce5c		1.0													
099a18ab-d504-4cdd-9afe-184bdb33f11f		1.0													
ace9aefc-ff28-48cb-ad6e-1c53f23adc50		1.0													
a587ee99-2154-4bda-b4d8-dbc2d2451a2c		1.0													
96cd2581-cdd7-45d5-ac55-d74766970707		1.0													
ebc691f2-3f67-42b3-bc4f-9aa1147ad917		1.0													
f755709a-b824-46a0-8572-4a80d6465be8		1.0													
c637b9e1-1b8b-4449-b86a-d84dd184ddbf		1.0													
44aee37c-bff8-486f-a0b3-e6d2e9f078d5		1.0													
58677702-29cd-4be1-902a-76d98fc66c88		1.0													
36b2d431-850c-4e39-b51b-e621146fa9d9		1.0													
e75413d3-8537-4b5a-970a-2f978c07e90c		1.0													
86f173e8-2abe-4bb2-885a-7dcc74c8c304		1.0													
ed0cb730-f550-4d67-8e7c-220bccdcaf3e		1.0													
a286b144-bd57-482e-a2a6-039cccbb00a8		1.0													
c54a6ddf-c915-476f-9c39-9bd27fba67de		1.0													
d8b159e1-a1b8-4818-b4b3-149188ca11dd		1.0													
e18e9c8b-5dbd-4730-8772-435b80775002		1.0													
b0e4556b-d971-4720-998b-c0a707e2ab05		1.0													
12c3d6d9-eec5-40ba-b617-6049eac0102b		1.0													
5a936d9f-8241-4d5a-ae95-532dfea86710		1.0													
857db9da-bc75-42cb-8544-16a649514d63		1.0													
746d7d90-c489-46ea-9039-20bfb01747ee		1.0													
0dc71454-5d33-4077-9d10-d3e5f7bf2d42		1.0													
4e3cd226-6e76-4405-9873-b8c27fe30cbf		1.0													
399ccfee-7df2-427d-9039-5bcd0c6f87bd		1.0													
cca6a017-8702-46fb-a3ae-98968afe2cb1		1.0													
18f468a2-1340-4fe6-bb6d-894285dbdde6		1.0													
87c9b65a-e778-4ab7-bedf-5668ae8f7c47		1.0													
b236eed4-6912-4492-b6c5-d9fdd8975aff		1.0													
0c973d12-9352-41e5-a248-c33a09e86159		1.0													
445e63e4-1416-412e-8007-bf8923878c55		1.0													
84c8bf3c-76a2-4c14-b721-da908206234c		1.0													
507e799e-876a-4bad-a296-bc50ad3663a0		1.0													
bacfad7a-876a-4ea6-a415-1bb1b7515105		1.0													
35426752-866a-427c-a8ce-fb9aca375713		1.0													
b1d046b1-f24d-43e7-97c8-6dea8830fd2d		1.0													
5677831b-e33a-443b-93a9-729269c1943f		1.0													
27fcb23c-98ce-4f88-a770-2d3047e43a41		1.0													
0f64a8f7-9ad3-4b00-b062-c53f915b7915		1.0													
d9351f2c-d75c-493f-b23b-e5616ca4c4eb		1.0													
3cd86a2f-d8f3-46a6-9680-2228f3e7087b		1.0													
e6bc86e5-8b10-4639-8bab-f9ce9de7b6d5		1.0													
a88c7b69-a494-41ec-8ed6-62dfac66d144		1.0													
5218f64a-a7af-4f44-bbfe-f33dd9980625		1.0													
8eac95d1-0384-4a58-ac94-48d684ad977d		1.0													
264ac2b0-0b6a-4f2b-aef1-bd2e44693c30		1.0													
6904ee95-df0c-48c4-a161-5eb19cc18dac		1.0													
3b8e0947-8b3b-4e7f-97cf-acd5a6ace4a3		1.0													
cf71d082-dba2-422b-91a7-9b67fde5c19a		1.0													
beeed807-b654-4b17-b597-104ef6bd330d		1.0													
5e7fdf4b-76d1-431b-a7c2-2d40050c1262		1.0													
c06bd136-6d2a-40ef-9217-e2b826187864		1.0													
b8a18751-c977-4f83-aff3-f4eab6d4654c		1.0													
191ca68f-d0e0-4e69-b3ee-b4436e555fbd		1.0													
a5d13ed3-96ed-4580-b5ac-d0ffe40d6852		1.0													
928e75d4-7c62-4f73-b4b4-1780c32e98f3		1.0													
b772fda1-dd22-45b7-8891-d70b94be751f		1.0													
c1521146-de2e-4545-b47f-46ac241cbd88		1.0													
b92b0726-1218-4586-b7ec-35a2e9e84e05		1.0													
0874cec5-82ef-4c70-9a47-2c5048e9bf57		1.0													
b3da1c31-87a9-49a5-97a4-c2cbed036c7e		1.0													
6a2deab3-b7ef-4c9e-a3bf-b75ec6ee52bf		1.0													
ecf71bd3-4ed9-40b5-9ec1-6c7ec759c301		1.0													
b3a8fbe8-f8de-4b98-8d74-58d0888bf3b7		1.0													
5ae123cd-5f64-46b5-ad0d-5530b0f19e4b		1.0													
96bbe734-2da3-4dce-8080-989ced5f506f		1.0													
7d215b49-b4b5-45ab-af4b-534e8f55af13		1.0													
1b83ffd1-11e3-4542-bb16-c32e293c5500		1.0													
d2c315ec-59aa-40ce-9b43-d7f5b4d46e57		1.0													
4116a2d1-ae29-458a-aa4d-c16de1a06928		1.0													
48bb855c-b5aa-4410-987d-0f78bb9966dd		1.0													
54e643a7-8a88-460f-aca6-a20741ca2435		1.0													
afd1552f-ed3d-4574-b224-d5a3eff44372		1.0													
32fddfe3-0b61-4931-a9a3-60c8b2e533c7		1.0													
2990f88d-9cf7-49e7-84d8-2711905d2b58		1.0													
e7c865f7-0e96-4a1e-b5fd-6c3b326cedc0		1.0													
fb32e33f-0456-42c8-ae8c-f602ff82afc6		1.0													
0e6c5c2e-3d23-4479-8afb-97335836bb7c		1.0													
83c5bd60-65cb-4b89-b081-72875e831822		1.0													
07491969-8c12-4a42-b898-4ff982557d6b		1.0													
c0c3ea48-f850-4f1f-bade-89684a846b1a		1.0													
51afd270-f757-4d3d-b9a9-4fbef3da549c		1.0													
e37d1681-d06c-43a6-bf89-f3adf4dc03b9		1.0													
7a3a4d5d-5136-48b8-b3bc-24a5966f0e78		1.0													
9fb3e08a-e015-41a9-bad9-ec4f55099ecc		1.0													
b982000f-6da5-4018-ac21-5a71c845e9e0		1.0													
3caa4c55-c97b-4e41-9c1b-503fc283592c		1.0													
bb9187c8-5050-440d-b4f9-7d03dfb90e1e		1.0													
87de0607-7da7-4e7a-a8b5-a9b2238de3e1		1.0													
e25f995b-894d-418d-a690-7c3c31dc6d61		1.0													
1a79a5f7-9d8c-4e7b-a794-e22f05ab7265		1.0													
bd1bc081-6af4-4413-bcce-7c0ad4f1a35d		1.0													
ef18dfb6-567e-4753-8bd9-964a6da66437			1.0												
3c063d7f-1f02-4734-ad7e-0871dd4b4a59			1.0												
51289d8d-2e3f-4927-a548-26feb06697c6			1.0												
f3c4e754-4807-49fb-a0a0-bc5a15ad710c			1.0												
8240bd5c-7aa6-4119-9470-6dcae72969c5			1.0												
fd776a06-42b3-41c5-80a2-224d369ff1a2			1.0												
45a5a49c-8c96-4aeb-a55c-9359043fd8b4			1.0												
cefd2d41-4569-49eb-adcd-7a89033322b5			1.0												
5e0e95d1-620e-4486-bafe-5981ece481db			1.0												
86166060-d56c-4e29-a5ff-1f8f54bc86ac			1.0												
d27ffd8f-812d-4bea-88c8-c4294a40e614			1.0												
51b1a681-375e-4ada-bea7-27fe783525c9			1.0												
59e63a06-70ec-45e1-9cab-0a37b3eb3199			1.0												
c89d91c8-d85f-48ef-b2d6-3488dcc03e01			1.0												
f6ac5a21-45e3-41b4-b6dc-3193e69911ce			1.0												
d8550245-9d32-418e-913b-0562b4781971			1.0												
dafd9246-a46a-4836-8d33-b3c2fe0c6dfc			1.0												
b4cf654b-d98b-4a3e-afd3-9dccce127f2b			1.0												
28c2a82b-0b20-4480-9d9d-f97cb464db79			1.0												
4ee36748-7ad7-4760-ba6e-eb6d4994e99f			1.0												
a4c10be9-29cd-4649-a18e-03fd0e0a5609			1.0												
aebbf350-3255-4b5a-b6bd-6ebc4afc029f			1.0												
4e25387d-603f-4442-a831-1f730db569fc			1.0												
9a110f02-f792-4a99-95de-8c4ff4b50bf9			1.0												
fde74d4c-d196-449f-bda9-cac1aa0fb888			1.0												
d4f9d1b6-ede7-49a7-b374-a64d69e96518			1.0												
6668a708-4d5c-4f1f-b7c3-6df2b4e205bf			1.0												
65cb4dfb-0e91-43d6-bd06-fd209991fd15			1.0												
0410d2fe-08cf-49b2-a988-9fcb42f65a52			1.0												
d5f7803d-74cd-438a-aac0-726b999ba762			1.0												
041ffd60-4d26-4438-804b-fe77d7781d64			1.0												
039e6a16-4e2b-414c-b9d4-9458af19c447			1.0												
ce7d9010-4658-4195-8424-7312a8e1c0e2			1.0												
f4c64e5d-98c6-403d-a876-c8420ade3d81			1.0												
b5968ff0-851f-4ca3-9d46-8b070b5fbbdb			1.0												
38dca951-2a36-4cde-8486-2559647df119			1.0												
6ca1665b-8347-4385-bd61-1f3f301fb599			1.0												
8e02a352-585c-4029-af03-e35217151156			1.0												
93724ffa-eadd-48ca-b3f4-70be96f3fed8			1.0												
70f7dca9-89c8-4243-bbd9-a72c765188d4			1.0												
e778e3bc-53cc-432a-9c65-4b21c789b0d3			1.0												
a5df21f3-4408-48da-a7f8-71285ee354ef			1.0												
65d35bbd-90b3-46a5-abc9-4086e919c64b			1.0												
bb84e946-9f96-4a31-b550-c6a9cb1873a5			1.0												
da700df5-f000-41fd-a353-3c9984f14495			1.0												
e192b90e-8360-4c1d-a554-c7ccf0d1ff89			1.0												
28f06784-7508-4e29-9280-6d1eb00114b0			1.0												
1a056664-c229-4075-be31-2af0844bb1ae			1.0												
03166aaf-8e84-445e-8eab-029e0fa5ab66			1.0												
10de23f9-c6f9-4b84-9f89-e04b90ee365b			1.0												
2c26fcb1-aa25-4a3e-8e73-3d0871884e9b			1.0												
1cecce90-a3bc-42b2-bd7b-6d56f59164e7			1.0												
f88fa58a-e522-4efe-af11-5d9e510a5a24			1.0												
0af87c05-f658-4366-beb9-ddfdbfb81e78			1.0												
b0214ca7-f6cd-43b2-955d-7170a5951bed			1.0												
f21e812c-1b03-42ac-a120-275a6bd7be06			1.0												
fb8b04f4-56f7-4535-bdc9-2dd8364d1ec7			1.0												
aec2f523-ecb9-4ddb-8ca4-8e9b18cc849d			1.0												
8d461a87-5892-4680-b239-ee6680c819a0			1.0												
9c762de2-bb7d-454f-b7bb-8840e4250b40			1.0												
dcc95b0f-6892-431c-86d5-0f6d539e42b3			1.0												
175320dc-c0d0-4fb2-9129-477d5f8d1df6			1.0												
7df7011c-60ea-4826-acfa-ce4f0878ff5f			1.0												
e67baaa9-2bd0-4340-afa6-b7a89658ef84			1.0												
c30f03b9-dfc0-472f-a2ed-538deec02fc7			1.0												
0cc8d84c-0ec6-43f1-9332-d665e11ca35a			1.0												
9e31d83f-f9fe-4401-a947-b9f7d3fcb4ec			1.0												
9c7a2378-1f8e-484d-918c-fda25d817b8b			1.0												
2738c8ef-7956-4b38-9fa6-1fb7bcc4b6d1			1.0												
f26db55a-81a5-4876-b12a-22bfba000f54			1.066171932007942e-201				1.0								
601a2e80-36df-4158-af44-f6db89cf64e0			1.0												
d7b0c0d9-ffbc-4058-b6e5-0e316ea69b05			1.0												
2e75d726-98eb-41b1-a9a5-facbc2cdf792			1.0												
390f37d4-1072-44cf-8aba-665990693e02			1.0												
995ed989-6ac3-4173-8aeb-4b182bcea71c			1.0												
a1f74605-87ad-4fe3-8428-5cc848d12800			1.0												
a5ced22e-11d6-4781-b7a1-81bf89038aff			1.0												
5c315040-c88c-493d-a165-04e1e375edf5			1.0												
c9fac3f4-6f04-444c-8220-8511100ff863			1.0												
b5afa482-10bc-458a-b276-114081935f44			1.0												
153c87cf-d5bc-47a3-8eb8-3dfd0865878e			1.0												
7e9277c3-1ef0-419b-a594-3d0fd666f09d			1.0												
b26f13b8-d356-4527-9925-a9db2fe4426a			1.0												
05d2bf53-09f1-4614-86a7-b7a1580aeca3			1.0												
83ee3692-f498-451b-8f71-e08cfef75f0b			1.0												
58a15608-448b-41f5-b987-4af5786cca6f			1.0												
05cdb50c-fad3-49a6-b0c0-d4c37e66ce49			1.0												
301ca07e-0d11-4dc6-8d0c-1af46f3e50b7			1.0												
7df9e0bf-7d00-439b-8eb9-8b100521a9b8			1.0												
02d8d7df-ebb4-46ff-857f-3f86ccba3a8f			1.0												
78528068-9532-47f3-bac8-00543c794e58			1.0												
724546c0-d1fe-4fa0-b072-b120067c1c5d			1.0												
d77ab480-200c-45bf-bef4-810b0f0dccf5			1.0												
f271abaa-3a68-45d0-a1de-0ed50eee888a			1.0												
743afccf-f75e-4cce-9340-282057f090f3			1.0												
629a372b-65f6-4910-9b09-514a26f5bb45			1.0												
b70e854a-e7b3-4fa0-82f2-7a1c5f0d470e			1.0												
df4b5bf1-4f0a-4a0b-b05a-0220ce7a7265			1.0												
7314af6c-b351-49b1-8e5f-086d208b808a			1.0												
00c1ffaf-3c35-49c4-90a6-eae21fab125a			1.0												
72c83a5a-0d2e-4dff-81b4-d4aceac6e09e			1.0												
48e8375b-7669-4959-ab1b-8d09dc79c686			1.0												
4eb89116-a85c-4def-8b40-19dbafda6a3e			1.0												
b8cb1148-8050-476b-ace7-e9ed7125c186			1.0												
c752d673-ade4-4c42-9aa1-0cfbf4f52fdc			1.0												
93f6eb85-1d77-4f49-8ec6-e34d00fd8b84			1.0												
823bd127-c3d3-4650-88df-48739d999352			1.0												
375c24d2-1aae-4f94-b272-3a8c8688cb7f			1.0												
704f6e8c-c674-4b2a-873e-eb954dbf52da			1.0												
f2504e09-cb60-4254-acbf-0fbcc317f0cf			1.0												
ce7de28d-de09-45a9-9dbe-a6e721a1679c			1.0												
413b7b65-caaa-4bd2-bee8-2a0b6fe07853			1.0												
88004505-a965-460c-bb10-dd30597db4ba			1.0												
a5bddd2e-c508-4480-a47b-d69cb00774f9			1.0												
0137e8bd-3bbb-44e1-ae09-d56a5dab98ea			1.0												
d0669716-054e-4b5d-9a8d-e73201f0959c			1.0												
e16685eb-d4b8-44e5-8eb5-6b0d1111db73			1.0												
d1217dd6-62d5-4cf0-b49e-6e79a06e7fd6			1.0												
69d6faa5-ff84-4a8f-9a7d-48a74848f622			1.0												
4cb4a484-4489-4721-852c-af26fdb8ade9			1.0												
fdc3cc48-6aff-463c-973a-2aebd2bf08ae			1.0												
d3410a6c-f44f-4849-ad9a-9606c30c58f7			1.0												
3672e615-0773-4c17-a496-2837e3e2623d			1.0												
e9ec1b9a-b5ca-4400-9338-8e92b542bf48			1.0												
f9cd9fd5-8389-4140-bd01-7219cc17fc0a			1.0												
9cdc3577-2bf3-4612-a62d-5ac33487148f			1.0												
68d1bb97-dd69-4eeb-92cd-012b9f93b915			1.0												
0392d610-0075-4f83-95d7-7429b40edfd0			1.0												
2edcba49-f98a-4656-b314-ce689163ca76			1.0												
ad36b803-c8fe-4c12-b0d5-fbd9e5be1986			1.0												
5b1fb34e-5ae7-44f8-99a3-1d3b30ff856e			1.0												
99dce69a-f155-40eb-a8ba-f070104bd274			1.0												
4b105118-b752-45da-adf1-e0670a66a123			1.0												
f83cde95-0600-4c54-a804-168ecbcb2d85			1.0												
33dc4821-01ad-45da-bf5a-e8dda8bcb76c			1.0												
602c69a1-9e2d-4431-857c-7cb2e56aff82			1.0												
449bff98-98b5-4a38-981b-68a6b478a4e0			1.0												
a88a8d20-a935-4256-ae63-841cc6de37b2			1.0												
f585f725-8524-4fcd-a1c6-90b73fede24b			1.0												
24473f83-08bd-4f11-aed3-a5c9ac4e4349			1.0												
8d7e3a90-6a5b-4ca1-a667-091d88650b32				1.0											
1ed98238-de34-4d2d-b607-7d77317d906c				1.0											
f6f5e2c7-3add-4061-9113-ad28e6dd1724				1.0											
bc86682e-6307-4811-822a-a93c4e71bb08				1.0											
391e24f1-b12e-4875-896c-69d30fc40505				1.0											
72f43729-fd0e-4088-a8c1-770a0e554f87				1.0											
09210b54-0bff-421a-ae92-09d4e2d78c54				1.0											
82e30b5a-7c2b-47c6-9346-754466b87126				1.0											
91d58957-ce71-4feb-a713-36fee35ee95c				1.0											
2540b76d-7e82-4d63-878c-cb63db6bac6d				1.0											
fefaffd1-937c-4e09-b1e8-c77ab6742e06				1.0											
8b3d7f88-0476-483e-8099-f32dc8b1f234				1.0											
68ea4e99-4f96-4a6b-a8c9-54178680bc05				1.0											
daf7ca89-4960-438f-9d6e-f6e731c4430c				1.0											
c2e7cccc-4e75-4d50-87ed-a587f044b32f				1.0											
8bb3d3ec-6831-4d93-862b-3b3cd9cb88c7				1.0											
7c501768-fac1-435a-b1c9-12db0a387921				1.0											
28f5746e-fac0-41fd-82c0-65ee2a56a4c8				1.0											
f6b45167-a609-4e75-af03-77f1fa5a8ac0				1.0											
c2495478-35bd-42f5-b995-8cc490514d46				1.0											
ea3f8759-9a55-4aef-af2a-15c37fa8d0c9				1.0											
c7121d70-424c-4dfd-9620-14a0bb602be4				1.0											
6eda09e5-15c4-454e-9899-a23eebce5f24				1.0											
5a7657b5-32dc-4111-955e-9cc083a5a368				1.0											
2018ce94-dac3-4769-970c-7f008531407b				1.0											
002dd749-d980-45e4-bf6b-ddaaf63ef852				1.0											
47b55ef5-82fe-45c3-b99e-7d9f13bb2b2c				1.0											
f0d44646-5fc9-408b-86e6-443356046bee				1.0											
e00c28d7-9231-4045-95d4-4a6da11c7419				1.0											
5cdea054-e203-403b-b69b-fe21482974d6				1.0											
34627788-6e8d-490e-866d-8664abafca86				1.0											
000aa4e1-cbf4-4e29-b657-29206caec6bd				1.0											
f4669ed5-cfa3-4f08-91c6-18913217a35e				1.0											
b142222f-7128-49dd-ba0d-fbf11d367092				1.0											
7ab9b9db-a071-47e9-a41b-0fac5f3df0e6				1.0											
30d4fb86-9237-4093-9a58-bdbdf54d36a3				1.0											
c5f7146a-c908-4c8b-a0cb-72e9e9448fc4				1.0											
29e18ca6-d226-4f60-9f43-ef9f3314557f				1.0											
65bf6f6e-2946-47dd-88c0-93ea3be314fb				1.0											
37690a07-062a-4ed3-adc6-1cd9981d9574				1.0											
31de5d5c-734c-43ea-8490-3475df8c6944				1.0											
166d5eac-cfd4-4aa8-acea-ed229c0d16d0				1.0											
8b5b848f-bb3e-47d6-9a95-21e5aa6750a7				1.0											
f8283f43-c7aa-43cb-9d58-52808d2f554c				1.0											
b7bf4db7-9ef1-4546-8c86-4d4559a10f73				1.0											
afea1c2f-b12f-4b96-8442-ec7b6f7bc41f				1.0											
61a365d8-a8f5-4367-a4a1-c739d25dfabf				1.0											
b0ac2840-350e-4d50-8fd1-5b1fca75f97f				1.0											
9d4798cc-3050-48bf-84ac-c5758799e866				1.0											
a1dfe98d-ef1e-4590-ab4a-a14997dadb30				1.0											
a466cae8-1145-4e53-af2b-f72e76ade1e1				1.0											
de117ee2-0a08-40b9-ad0e-91d93b1e99ca				1.0											
f2dc7bab-b268-4071-a93e-7b7d6b70514a				1.0											
b1346c30-145d-4e6a-a8d2-39bf621dd65b				1.0											
f6f7fc6b-3106-43ad-8e94-faad2d631e12				1.0											
ed0f6c88-3876-4160-ad38-7bd29b5c17ec				1.0											
babbb5ce-a7f7-4de8-afb2-f88db7af5f25				1.0											
994e9161-dae5-49b4-8a72-a1671d6c1fb0				1.0											
4cffc029-4ed5-4db5-b297-2191b0971d45				1.0											
dd425379-822d-4973-a06e-d19484692dfd				1.0468458897789523e-66			1.0								
f221a34e-47ea-4828-8f92-faef6eabb267				1.0											
2b5f18a4-9b3c-4715-b63f-a1f45c3cbab8				1.0											
d10b0a63-776f-491d-aba3-ad03343d8b31				1.0											
e6c73d0a-1afc-4234-8b0d-8552f74bdd25				1.0											
2abfe520-8f6c-4994-967d-08feb55c55d8				1.0											
73b6ed57-4bde-46e2-bcee-fbcfa62fb5d2				1.0											
7c92d877-7d77-47a0-b3ca-97822bae3d1a				1.0											
7b53c7da-77ba-4c0e-ac1a-e72d648efbeb				1.0											
a8ba6c5c-7d1a-40ae-8fb6-a7aa20cef8b3				1.0											
fad380c9-82e2-4a5c-b2cc-192a05d6b46c				1.0											
8b617926-2fd3-4fe3-9d0f-6d319c56c246				1.0											
8ae1c335-0047-4201-9b08-dc6f92da87c2				1.0											
b9813b92-f19b-418c-88ba-a7195fb5cf9d				1.0											
a55e781d-77e6-4af0-8b13-8d2ec65850ba				1.0											
ea0dc93e-e753-491d-80f4-aae9c07c95cc				1.0											
a5453490-4f03-4efe-a00e-d9498104a45d				1.0											
d8d046d9-9177-434a-b12b-502b0d94309d				1.0											
93888b13-d739-44a9-a502-4c136d3ad875				1.0											
4b577005-9b04-43aa-831a-6a54c3eab170				1.0											
b4854941-7183-4008-a747-42d6c80dfef7				1.0											
5386d87c-2a7c-4a6d-9636-55069bfdb4a6				1.0											
bd4934d2-48c7-490f-a5b9-e5ce8b768ceb				1.0											
6c57175d-08aa-47ba-86d1-69801e9d0156				1.0											
b65ebc8b-7c3a-4670-bd50-ac4abdf2a188				1.0											
7389c873-4ba2-4f26-9ec2-b8cfe82f1f94				1.0											
9cc5fae4-c988-4dc4-b2b4-ab4c7faec48a				1.0											
50d0fd35-65ab-4257-9173-ec9f40ef978f				1.0											
d7241a3a-8060-4149-a2ca-832fd3f908aa				1.0											
4687e303-b2b7-4cfd-b541-a7b991463ca5				1.0											
5a3c44e5-ee09-4712-a998-917373f30c2f				1.0											
e96bc144-17e3-4b80-a6fa-743f9630de7f				1.0											
ed9adb99-6e50-4a26-bf16-30aea59b512d				1.0											
af070efd-cc9e-4ec3-88db-074112538798				1.0											
fb180d04-a3cd-4880-9385-e4022a8d0541				1.0											
b839dbc4-f027-467c-b16a-6f6265ca5067				1.0											
242bb3a5-bf3c-4d02-b945-65979882d205				1.0											
62071f7a-7d83-4797-92c3-3b6d851a69e7				1.0											
9a1c7ea9-ac42-49fe-9566-268295c24b6a				1.0											
383d1acc-27d9-47d5-a7cd-7f136f9f8ea0				1.0											
144525f4-46d8-40b8-b209-fe3a66bc913d				1.0											
e0576ab2-b10c-48e3-94b4-aee81d8aac32				1.0											
e191a787-2298-4e6f-a94e-fd1a0861e33d				1.0											
7e70d164-a2fb-49cc-9cb4-86dad86aed2a				1.0											
50228e3b-c756-4d68-b178-396ccd4abf5e				1.0											
18d1a9a9-d240-47cc-adab-7b8f4cf693cb				1.0											
18d3831b-2dc8-462b-a7ee-5eb08f2aaf9d				1.0											
e6875aba-aa88-4645-a4a4-4ba8f2085363				1.0											
97322cb8-f132-4cfd-a009-a65f5b9c5a12				1.0											
3d02b74f-902e-4a0c-b7a1-34adb6accdd0				1.0											
1be17a60-b5bf-42e6-aa92-8e5a747a3a73				1.0											
b969c147-fb97-48b4-a6f2-e67225f74591				1.0											
4ae98a6b-1837-410c-9a94-ee54b35ac260				4.936154198254854e-105					1.0						
b6ad0f48-605d-4e20-968c-62cb637d3942				1.0											
d9e8bc66-89d3-4c80-a1d7-a994fbeb9da2				1.0											
ae231790-4c40-4d98-9c01-b7d91b8ee726				1.0											
1ff83366-51c4-47f1-97ce-09de342f1e8f				1.0											
9ab48dd6-d416-4112-8b17-b6e080a12388				1.0											
10adb141-2069-40b2-afa5-8fa23121ab71				1.0											
1f13d940-5808-48ea-8751-cbc0d70cb93d				1.0											
52fefd2b-439f-473c-a4e0-661b3ba314f4					1.0										
cf2aed72-63ad-4ce0-8a1a-f35b048a14da					1.0										
3471983f-b572-4701-8ea0-4804fd7b9072					1.0										
1e3c8fa4-14d6-44f2-81b6-8e02e21cd13c					1.0										
d0eb1b8b-84f5-42c8-ad4b-18da9c9afa22					1.0										
e1b0325b-a75b-482d-bfb7-3222419ec11d					1.0										
265ba01a-a2fd-48e7-929a-d5df859d0193					1.0										
3b8ef931-6522-4fdd-aaec-55b68b677245					1.0										
2452c519-c9ee-4144-8ca9-1f09f86e7d6a					1.0										
0b7007c9-d1af-42c9-b4f3-8dc33ca8252e					1.0										
8d7c4e46-b343-4b7d-9c53-f5a093ac1bdc					1.0										
f1b241ff-9a33-4a3f-a857-41fc417804ba					1.0										
db940236-97fb-495e-866f-caba2737dc84					1.0										
dd754b2a-190e-4a2f-8ab1-dbe83db1e776					1.0										
7cf180ff-4a0d-4e3d-8bbd-e2e66eedac48					1.0										
c79fd60a-a0bf-4399-b489-171eaaaa9faf					1.0										
ddad04ed-348e-41f5-97bb-63d61adf6a49					1.0										
ed7a55ec-177f-4d98-989b-cc1555a55782					1.0										
94939792-cb90-4acd-a770-7b1fbf004315					1.0										
38a4b415-0559-48bd-bf3d-95920b4f75a2					1.0										
3b29733c-76df-4aa7-8727-473a1f3e5daf					1.0										
f506139b-ec51-43e9-bd6b-6e8b6e9c7286					1.0										
ceabd9ff-cca7-4c53-aa74-32eaab221cd8					1.0										
f83a96cc-f064-47db-93ad-f6692ed76065					1.0										
4d2d95d2-a5d9-4126-b35f-3a116d7c46b9					1.0										
9cd4ee90-099c-484d-9ee2-f6a157939164					1.0										
a99e4216-66fa-4a75-8f3f-4c14bc9809b8					1.0										
4a82c173-adad-473a-a85e-510df2472c21					1.0										
dc17cc6c-fca8-4253-a3df-3d8de90c5365					1.0										
16756d30-99a1-44eb-b234-879e430a6706					1.0										
547f0616-3ad6-43d3-8273-aaf1c1778043					1.0										
47593b33-e68c-4357-807e-3300d46fd12d					1.0										
12c84cde-d9b5-4cdd-9daa-506c93d4dfe7					1.0										
da737a68-fe9c-4ac1-8203-564b80d71733					1.0										
e0dbe6c9-9311-4588-bff9-5f9ab5c102d2					0.4650644030636212						0.5349355969363788				
bcc442e5-42e5-4b16-a996-4d8896e75f29					1.0										
dfc5d1bb-2627-43de-bc2f-6484c5f68a11					1.0										
72056eb8-f0d2-4d34-b524-b932813524b3					1.0										
46cd953e-3228-4017-aff4-e4438bf07111					1.0										
f41a4a78-9b78-4638-8e58-7ff120ee57cf					1.0										
e2c893e0-8436-4233-b495-64724e968cfa					1.0										
e1642da1-0ab6-4900-8665-db7216a438b3					1.0										
4a5e1b5d-0223-4c62-9f4d-119e98471259					1.0										
aaf8223a-d839-4ff4-a800-9aa0b9c11aa9					1.0										
c64d0103-b051-4d6a-8a40-c2f63ab2d7ca					1.0										
b789c2e8-fc5e-4c4a-bbfe-057de2b40e6c					1.0										
97992faa-54a7-4f4a-9633-5916e6141751					1.0										
bc4b0b90-f2f4-4f5b-a8a5-b73b62c6ddf3						1.0									
555e2e86-d617-4956-925a-0f512d162e59						1.0									
e52cf439-6182-4245-a2c3-2e62a6f4aa7c						1.0									
af518203-58f2-407d-83bc-31d9b49365c8						1.0									
311b4c23-b87b-4ee0-8c02-5f7569c7d11a						1.0									
71a5cef8-074f-42a5-992e-3f47cb6a7a96						1.0									
8098fc1d-3a12-412e-9937-f5f1e89a5291						1.0									
96d0cb6b-aaa8-429c-b1cd-06331f425105						1.0									
7dbd1f2b-117e-42f4-8158-d9c970fe3959						1.0									
653da9be-e382-4117-9691-55eaac413de2						1.0									
aa03bcc0-7ae6-4037-93e6-44681c759109						1.0									
f3d8a68f-aac5-4ba9-9070-220be5446e0f						1.0									
a91f68f6-7187-4f68-a346-f182fb271d8b						1.0									
cfec5b2a-0a0d-4461-bf9e-24fac208302f						1.0									
4bb4dd97-d979-4450-9f9b-210b72931beb						1.0									
4748fa06-cd0d-4e6e-aef1-47057f23d5bd						1.0									
d9a20ccc-4189-402d-a205-187a2202e6e7						1.0									
a68c9354-49e1-42eb-ae1e-d26e3f71e307						1.0									
3c309a26-02e3-4fa6-b880-71a3211da690						1.0									
3b18ef88-756b-4c58-b487-e5fdbdf364cf						1.0									
2bbf319f-b9dc-4617-b237-fdeb29c691ee						1.0									
5d4eede0-3639-4ede-a055-be7a62c4ebdd						1.0									
8b7cc435-439c-487b-886c-c6e7e4781c9a						1.0									
17b05337-0c84-470a-a4be-f46c7a576cad						1.0									
2f351857-a59d-4618-b817-1b71daf1c184						1.0									
d4b01a85-9d8d-4e64-87f0-f98d85d4e280						1.0									
d793955c-3f6d-4203-a6bf-8b257ba91698						1.0									
eca7362f-c6f9-4fc6-afd7-7ca9c9aa1812						1.0									
dffb414c-d151-48c1-806a-e5fa150971a8						1.0									
c926d81c-28b5-452f-aba2-8aaff22b57a4						1.0									
74b06516-d0e2-45e6-b4f6-ed7b5e7fe478						1.0									
63b30bd3-8ea2-495a-a691-09febb0d5745						1.0									
21152601-6a60-46d0-92d1-f690c7346e86						1.0									
9ecacd65-3414-4493-a936-73458d2e7158						1.0									
fb97f2b0-1611-4179-a049-5e2e57b73ead						1.0									
b781d5f5-77a9-4098-91a8-8cb46b35ac7c						1.0									
02eb88b1-56ac-4555-9a6c-9ce0a9b81dfb						1.0									
95a3a66f-b1b3-4cec-8852-c08492c4ade2						1.0									
52e6cd85-1497-495c-b0cc-4a572a5b7f34						1.0									
eeef2a0b-eba4-4e41-bfc9-f5698b5c7f42						6.659129640340865e-134			1.0						
e16bcf04-5c6f-4901-a263-10a53e91681f						1.0									
cf5ecc7e-e6eb-48c4-87fe-a0cb2992846e						1.0									
946dbbc4-bcf4-4a40-94e7-9903d1e44ce8						1.0									
8aaad5e4-afca-44aa-b78f-76c0858fcb21						1.0									
8e6424b1-0064-4be4-b8ad-c9012efb06d7						1.0									
d767cbbe-40c0-4b59-a661-2719fd59e4f5						1.0									
0677a989-449b-4c33-a52a-91242646872b						1.0									
0609bee3-fee5-4b36-b277-fb6a837848c8						1.0									
c287a696-e63d-4899-9c77-0f29664b7960						1.0									
a2648646-f0f3-40ea-a37d-7ba2d8b4ff18						1.0									
432f9f9d-e932-4c93-a258-a44f025014d5						1.0									
119bc04a-4fd2-4f64-a616-46ce105bd89b						1.0									
8dcfafd0-222c-4962-9221-2cc0b864e299						1.0									
46c2d450-780b-49e1-897c-660b81e41dbb						1.0									
1457f6cf-fefa-40eb-af21-0d84a0c1ddb3						1.0									
1be4dee6-d374-4ae2-923a-881ea81f41a8						1.0									
9cc7f52e-77dd-4292-bb55-9e8f013abc2e						1.0									
11f96350-c594-433c-96eb-81a803b38fb0						1.0									
03a4bbde-74c8-4452-8a90-73ac83a015f6						1.0									
950c8954-c456-457a-b0f7-82ec2b40c44d						1.0									
07932c28-1c77-4443-8241-4768532df08e						1.0									
6d1674d2-0f63-4d9f-89be-41751237a7f0						1.0									
f4044ea9-6c02-48bb-8c71-d923423bfe8a						1.0									
1d4c3606-c0ff-49b9-8255-0afe3524da1e						1.0									
f6e5ed37-25be-4e78-b3b6-0cabaad6299e						1.0									
5090296d-b5a6-4743-a6c4-70b57b6d9a89						1.0									
d52ffe4e-909b-4b51-aaa3-e9c2e591ff42						1.0									
381e0b4d-ef13-4788-aef8-de62047329dc						1.0									
295753c2-a8fd-4bfd-9754-597eddfa1d67						1.0									
81110ea7-1841-4a0a-b490-45ed39305072						1.0									
00570a0b-e82e-455c-b18f-6565d0f06516						1.0									
32edbcc5-6464-4a6d-b4f7-936191521e8e						1.0									
e2f15fdb-8855-4e48-ab5d-2c0612f36879							1.0								
9d384b5c-59a6-407a-b5a0-11a4868ec5b2							1.0								
97a089ab-97c6-4af9-8726-9c6d63b2d1db							1.0								
7bf59add-59f3-4a34-89bf-05ba65847425							1.0								
4846356f-3817-47ae-8880-4c14c6c06cab							1.0								
db3ac24e-54d6-43c2-a1be-67bcd01be1b5							1.0								
eb93048b-548a-455e-b256-a7b59e4b4695							1.0								
360e3a41-6336-4c10-9c07-d1a8ace0aa8b							1.0								
ca633261-1d6a-4528-84db-37923c1241a8							1.0								
5ba41acc-0fe0-43a8-bd8e-f7013ec54f74							1.0								
44d706df-df77-48da-84e6-b221146f62f6							1.0								
070c1b2a-1fcd-4f75-bc63-b08f5e86de0c							1.0								
1afe1e27-f40a-49d7-aed2-ed6bb9288404							1.0								
a889f72b-cc7d-43b4-9330-ca36579c0a59							1.0								
e87793f7-4c7e-4d12-9cec-79c283a65203							1.0								
bc8a39b9-55fb-4f4a-8ad5-f09beb6dbf77							1.0								
2e5917c3-b1b0-41ce-9ee2-692f5ba0114d							1.0								
9d65f05b-18fc-453f-88a8-72df56bb75f8							1.0								
9f55812b-bf32-449d-9f1a-fe68b7ba0234							1.0								
85fef067-3174-422d-ae38-b39a89bb586a							1.0								
e1bf004d-31f1-41b3-a573-1f72790f4378							1.0								
e2245854-56f0-40b1-b2f1-d4f5ad3a4641							1.0								
427e7d14-a0ae-4486-b421-97ad913f8d1f							1.0								
7343cd76-cdba-428b-aee2-3d10856a7dac							1.0								
679b5a55-82e2-4de1-9e5a-dbe5981f3bfc							1.0								
76260d35-21ce-489f-a65b-b209e3041945							1.0								
e9c54498-f768-43bf-8277-f3c98cf1d0ea							1.0								
156f1cd8-1bdd-44bd-b24b-37b05e3fd70c							1.0								
1405cb47-c583-4b9e-8f78-2f685f4fe530							1.0				5.495958047217572e-42				
443a1b4f-2cff-4016-967f-865dcdbd5489							1.0								
824d00d3-1317-41ca-a35a-95318d38bf9f							1.0								
15cfdcbc-6c47-4a72-b9d7-173f2a564835							1.0								
fad16b1a-c844-4395-a05a-8b177ee478e9							1.0								
9ee53721-0aeb-4dde-a993-c3123fdd9b21							1.0								
e9de1965-1556-44a0-9379-34d5b342c4a0							1.0								
1f68ca75-da1c-407a-a47d-ef415a6d41f2							1.0								
059489a2-d153-403d-bbe3-1cf20349f770							1.0								
88665bbd-67d7-4d1a-98ba-932b373e7b06							1.0								
6e34cdcd-6e67-40d4-b2e1-b50be2e6eb79							1.0								
a4ac8df4-5eda-42d4-8035-993e2be9a6b3							1.0								
1182f2b0-032a-4c4a-bf5b-6f96ce2fac82							1.0								
e199d1da-cfe8-4e75-81ee-d1cb62c9405a							1.0								
9127f767-f51f-4df4-98ba-1fbcd2ba9fe6							1.0								
259a3d48-e2d8-425d-925c-4eabff2848b7							1.0								
dae1c7c3-fbcb-4b8d-8ba9-78dc807c29dd							1.0								
a53af3be-0832-43e0-9b3e-17b2164bd2a4							1.0								
9c8b55a1-a7ca-45c1-9866-8d778bfb270a							1.0								
9a585f69-8349-41ba-9106-535dce713669							1.0								
3cb29d42-68be-4e32-ab72-39bb5a08b68c							1.0								
5662fcb3-72a4-4f7e-8535-d5b0a8c148ed							1.0								
7d91cfdd-75d6-4d23-b62f-8fa00754d00b							1.0								
8df5edcf-3f01-4f58-b9a1-a0ab6461e58a							1.0								
b5efe7b3-c6e4-4a6c-9880-a9ad264bcb8f							1.0								
e69f3e7e-c052-4de7-bcd5-8ac389e4a3d0							1.0								
774d7025-c240-47c6-ba7d-c2da99cc6f93							1.0								
3bc60e0d-e696-49cf-a082-1d9f0c07c1fb							1.0								
b181bbba-9a07-4b20-ac81-f939a3d05037							1.0								
1b1c790a-56eb-45d3-a2eb-e351b7e0e196							1.0								
b99196ee-22aa-424b-b62d-4eefeccc51a9							1.0								
3a3cfb6f-7c53-4d8b-8f81-374166b377b4							1.0								
3df3bece-821e-4b2b-a21a-92269128c2a3							1.0								
8765a56c-8e35-4dd5-9440-aab77def4beb							1.0								
4c763bf5-e924-44ef-8f50-817bf6149028							1.0								
eaea1f5f-3709-4170-9f87-6e8f0aa787ed							1.0								
22747e29-73fa-4eaf-bf2d-d65948e38ba8							1.0								
8ef71954-75a3-4f42-9dac-2af70d0ce899							1.0								
afec148a-9da8-4cc4-8552-cef1ebc0fff0							1.0								
2595a95c-e149-436f-884f-cc660acaff16							1.0								
a82fdeac-af05-4ffe-b770-6e40fbffd0d3							1.0								
e571aead-a33d-4f67-a70a-937e2540e917							1.0								
5dd86a03-8d4f-4ff9-b836-c0e63849bf39							1.0								
3bc63da5-7112-455a-9df1-db145d2d30a8							1.0								
1a37fb55-d594-4426-bee2-39728c52638a							1.0								
e7727d21-b91f-4c68-a83a-920c20ca3b07							1.0								
6df9593d-1c3a-45b7-b418-7e66f56ec1f2							1.0								
00c98618-8bb1-4b34-8d72-7d4e4f5ec751							1.0								
9e398e4d-d109-4845-a274-07022fabfc25							1.0								
b36f4b09-a0a5-4403-9d90-671ba2f47d79							1.0								
a9730b17-adda-4e67-b8f9-de64a22fcfe2							1.0								
d09efc48-8df2-4d8b-a0aa-e21fb45ccc64							1.0								
464bbacf-d04a-40ca-9313-db71bd4fc8e3							1.0								
10be3f15-b552-49a9-9155-fddb3b4dd013							1.0								
12d68b59-26aa-45eb-b57d-82af5f0d3d47							1.0								
3106c37a-ed76-4a7c-a656-6032eee818a1							1.0								
5cbde1ce-024d-4fbe-ad6f-161e31a74f1e							1.0								
e69428de-beb7-44e0-89aa-48a5a0141879							1.0								
5898062a-c39d-4439-8998-ec8a6e8bf7b4							1.0								
47d4f200-8a33-4fe6-bad6-5383fc837c57							1.0								
565815c0-7ab5-47e8-a98e-b07e9096be63							1.0								
8f859875-d063-4bce-a4c3-d6035ae2ced9							1.0								
a1ea5c35-e74b-4c33-9e44-01ca10614a57							1.0								
b4a12c7d-cad7-4f2f-9c30-7c396c8b5bc5							1.0								
970588ee-ce93-41e6-94c6-c24fddcba878							1.0								
ce515466-4602-4418-be54-fac524d814dc							1.0								
e5e7803c-9957-490b-ad8b-2b6396ac082b							1.0								
4593720f-81f9-4b3b-9012-81819cc8defe							1.0								
e6fad483-d0a2-4a54-b5cd-e7779293c065							1.0								
cdfe82da-3252-4b9b-b05b-4245e05ccb59							1.0								
a0734f27-7645-4ae9-a34a-c13d65aff3ea							1.0								
e0b4a2a4-f94f-4dd0-af97-54e670d1d8fa							1.0								
a6806107-2544-4f18-b5c1-746a7fed6d8a							1.0								
039ae180-8e17-4e38-a558-0069e2e8ad01							1.0								
66bf9bf7-56f7-49fe-90fc-36f5d95f1562							1.0								
bf66ddb7-bf6f-4f2c-8d1b-fdaafa9742bf							1.0								
d7a22057-8585-4492-a015-4520b06321e4							1.0								
72bef19a-741c-47a0-84fd-2321414ab7fa							1.0								
143cc06a-064d-4556-a1dc-e30918946567							1.0								
fee92276-fe83-4a36-8c8e-5975aaea01d0							1.0								
cbddab29-8d63-4622-8ce8-63fa4c517abb							1.0								
4c25d1ca-315b-4d00-b87c-48989c147e53							1.0								
b7fae32e-ea06-48c5-bedd-cb85e6b2fb7b							1.0								
dcac64a8-56c3-4c71-ae26-14e6ef6f9d4b								1.0							
70554c70-5554-4392-9aad-cbed267d2013								1.0							
e5f67b68-0bde-40ee-9977-ac1387b99a10								1.0							
1f0ab758-d35b-45e0-8897-62a75d681099								1.0							
540079b5-10cd-40d1-bf4d-875bbe1e8328								1.0							
7e68981a-b72e-4dbe-a2cc-95dbcbe65f54								1.0							
fa732e6e-1182-4148-b4e4-66654f6d13e0								1.0							
b2ea21b6-c3f4-46bb-89ea-8255f5861628								1.0							
10b61d4e-1f55-4d01-b7f6-823f2b2a8082								1.0							
66082bd2-9a1e-4726-8823-3fae0a1957d5								1.0							
b53aa389-e64a-4a8b-9a57-e34aa02a7e0b								1.0							
1f98381c-451a-4e0a-a3dc-65bea8a197d7								1.0							
15b14aa9-51af-48b4-93a5-b2be7440405d								1.0							
5c729566-eadf-4134-a730-6e8aab72a16d								1.0							
68156635-6450-4368-b976-4f63cfcdb3ac								1.0							
0ea35232-afef-455f-bf27-146c302c8f89								1.0							
acc8c3f5-a6fb-4f79-9ac4-84fb62a8169b								1.0							
55bff837-b18d-4767-979d-806c15cc95f3								1.0							
9b395d31-1660-4014-bc92-be5232c0a1bd								1.0							
74926dde-02ea-442a-8cfe-c9c743783526								1.0							
f87b00d5-1264-4526-b334-b4cfe2149243								1.0							
e3ecf03f-7fd1-4c28-8396-187868089945								1.0							
4ef4b990-f986-4d1a-9998-16ad9a81dbee								1.0							
f4173ea2-3d36-480d-8c47-f589859d0eeb								1.0							
d60f0fbc-0368-4d6b-b0df-fb3095dd6658								1.0							
7198185e-8bde-4bf8-a03e-0514cfd5442b								1.0							
93e98363-adee-4289-acbb-70f4074ee68f								1.0							
346d0fff-a1fe-426f-9506-86e5c49c2e1c								1.0							
4eb6f526-efd8-4c16-9d06-02f3fc0d6549								1.0							
6f55d36c-267c-4843-95a1-66311b7ec3f4								1.0							
1ece5b6b-058c-4046-ad75-9000ec6aa8aa									1.0						
6a92b34a-3112-4744-896c-025f1ecba076									1.0						
9c016e72-83d6-4342-ac45-6aa12f2bf511									1.0						
b45d2af4-e819-4990-9f5c-e9ad9c47ddd7									1.0						
0e56e021-e32e-4e1f-b08d-3b58576fe769									1.0						
b21b2abf-89c0-4ef0-b666-9cf4bd7935e7									1.0						
78ccf8c6-862e-4af0-a175-c0017e487109									1.0						
81babd8c-2183-42c2-bf38-ba02c4db9ea7									1.0						
74769f30-3eec-40a3-bba6-0263145a5916									1.0						
01ec3b3b-fb48-4eea-96ea-4d8aeb15bf87									1.0						
bd7ded41-f0bd-4f02-ab88-7ad20cfb1b0b									1.0						
ebb6d1e1-4376-4791-b009-b7bb5830c85d									1.0						
76a33737-219f-4b86-b4e4-7640306d714b									1.0						
bfaeaf95-d160-46be-9886-2dbc7e0948dd									1.0						
ca43c16f-b411-4b31-abc6-61f47423d4b8									1.0						
e2428d73-9f3c-4d65-8d40-e03d7edb40c5									1.0						
6a6a4eb4-8a48-4977-ac7a-5d870f7f9307									1.0						
de9e2ce4-e455-47b2-b50f-2c1de6a67f05									1.0						
302fbd22-5cc7-40b9-87bb-a07e92ef53c3									1.0						
c9667f5b-da90-427a-a437-b16a5b2788da									1.0						
5c68826b-ed32-4a69-8b54-a98873a5023b									1.0						
883bbc9e-d096-4d73-944c-1c79074f4eb4									1.0						
b1cdafcc-6540-42a0-aae5-8ad424e3a0d4									1.0						
a05a12b5-0008-43ff-a838-e61de84d4723									1.0						
9f6093db-8f96-4d7c-8af3-563a349ce47a									1.0						
24fa77d3-0863-4778-88d1-fcebf785fcbc									1.0						
2d252156-770f-43fe-a1cd-b2167c954a32									1.0						
d1076ca6-e54f-42c0-9ab2-524b2c07c962									1.0						
a4925cb8-4f9a-49e8-883b-0ef5557950cb									1.0						
43ebf8e6-961c-4dcd-a634-6f41e348c8db									1.0						
6e928010-5c2c-466c-af6d-7c3b6a8b3e9a									1.0						
c8e2c0ca-3d22-4b57-bbdc-3d9ed71d6635									1.0						
618fee05-842d-42fc-a544-8aeb01a8740e									1.0						
9e3d9050-0043-4d54-b7f6-39a964c5af09									1.0						
dd201364-768d-4d4a-be83-a52ee2c27dbd									1.0						
5d53d521-3b89-46d0-9520-0abb56874b41									1.0						
8de34597-b4c0-43e1-8cae-1eddac373631									1.0						
c0ee4692-426e-4ffd-a9b1-b34b0045e34e									1.0						
0a67b9a7-62a9-4e44-812b-b5be7dc3d797									1.0						
a21ae402-552e-435d-9cb4-fca7f4636275									1.0						
a455af10-9d92-43a9-bfbd-5a58573ea581									1.0						
03816cf8-c4cc-403f-bc09-35210b873d91									1.0						
f409f372-d12b-4f40-9f16-c0aeb90ef027									1.0						
ee5cc48a-2f21-44ac-ab6b-cd533c2b6b7c									1.0						
a00c816a-3411-49f1-a88c-ee811ce52eaf									1.0						
0391e142-69b6-4c2f-9fd5-d02da9927582									1.0						
997d0aa6-3fd5-4e75-9b51-e4a785f34ffe									1.0						
8f0da219-7d67-4846-b1f9-12cc0a1438e0									1.0						
54ac5847-b7c4-4109-a96a-88c0303ed7a0									1.0						
5a900635-25e9-4b06-b81e-35f7ce225a32									1.0						
126e95c7-682f-4ec7-8360-2e45e12d8c6f									1.0						
dda14a79-9916-4d8c-8bbc-f56683db1743									1.0						
10e06704-210b-4fd9-88ad-1617353a3778									1.0						
117d6a38-ff0f-4810-876d-f9712e44c9d4									1.0						
ff485735-9514-4ff9-b2c2-12c29ee46c7a									1.0						
af65eef2-8fa8-47cc-b24b-076c139ce3d9									1.0						
4acddd0d-2a63-4922-a0f0-bfe138758033									1.0						
0f830964-5ee5-4415-92a5-35ed9f0fc7e8									1.0						
683c2ca5-bdaf-4ef2-adc2-6a1a8e8408d4									1.0						
84b8a0b7-f3eb-43a6-a470-538224e935f4									1.0						
3596e40e-967b-49ca-a907-76d3a48bbfeb									1.0						
d8affdc8-dc6e-4c1b-91fa-cd1758ced52d									1.0						
e1df630d-c6db-42ca-9dac-c232142b035a									1.0						
91218031-9ba5-45fe-9fd5-26ede907c1d5									1.0						
428ec15a-0808-45d9-b8d2-d198d40bb73f									1.0						
29c24c00-33b9-48b0-940a-d4c60f0cb833									1.0						
2aa836ba-d3d8-4d49-ade3-322032606af6									1.0						
075caed8-3e0d-4414-b061-d6244a11c9cd									1.0						
0440b3f9-4c07-4a05-9e5b-88d81f4424b7									1.0						
ac861fbc-4c54-4b2f-b422-aaf49e1afc51									1.0						
fb1534eb-f669-4ed1-941d-ac9537a33704									1.0						
404cfce7-0fc4-4e77-b171-755e38f8743b									1.0						
37ed5267-0768-4a7a-b5e8-64839b1ae10a									1.0						
cc225491-e744-4c4f-af56-d26260a800e3									1.0						
94b5da98-f9dd-465e-babd-5290cce9fcf2									1.0						
ef18dd79-5ab8-41de-b179-6de2c0f27d6f									1.0						
da4016ed-53b7-4a56-9171-b0e9555a1356									1.0						
1a728494-a1a7-439c-9c65-1155341c019e										1.0					
8a2d330d-1cd9-4d7b-bc78-f5f993105a3a										1.0					
38529136-0dfc-4d6c-8a22-5ecb391a229b										1.0					
3eb62a1b-2e52-40f1-b8cd-474426e0ca7c										1.0					
98d64441-be22-4c37-b30d-7535e6c8ed82										1.0					
07fd032c-aea1-4aaa-a8d8-2a454f64eaf8										1.0					
eb106b5b-e12f-4700-b8f3-412a956c0a41										1.0					
abc99b03-931f-4ff3-80ed-e2b6d267778f										1.0					
c56e88fa-782f-423b-8cdc-907764f99b6e										1.0					
330e4711-7feb-44ad-848f-3f7a867c7856										1.0					
377033d3-da29-4476-a750-6237077b0972										1.0					
c5a33822-c87d-4267-ba42-861cfea8c7e9										1.0					
e26d8ae5-88ee-4ef6-882c-182977cadb2d										1.0					
7adbc157-36e4-4b63-944a-53c9e4874313										1.0					
924f58de-62bb-4000-bed3-17c0eebf3908										1.0					
e8b856ac-643f-4790-8206-d069cc6ecfc5										1.0					
6d7b6a9f-8f11-44fa-8015-69aa5519e838										1.0					
a58b6fd1-6503-417c-b987-c8a1bde7a362										1.0					
5ca8ae24-cd7d-4d8f-b49c-b3ed092ccd39										1.0					
325cbfe8-c4c0-4f40-a0d9-8ea99d55b65e										1.0					
247acb74-b4d7-4ef7-8a38-ef00c3abe68e										1.0					
8ef2b21c-9b0f-494b-9edf-18b46bcbd97e										1.0					
c7dffa58-99e5-4660-a003-d3c8696fc970										1.0					
30e0b88c-bd0c-4d40-bc75-f50b948b5394										1.0					
65f59cf7-f2d1-46ec-a59d-b0efccb439fd										1.0					
abe65af9-2c30-4c56-a637-95afb75433c4										1.0					
23000ed2-e0f5-47f4-84c0-0f71f3355ed0										1.0					
f7ad3185-3cba-4954-8944-181d8362bd80											1.0				
8279e820-4119-4efb-94e6-043d203e6c09											1.0				
524f1488-a978-4411-9a20-ded7ee12ac22											1.0				
fe5e99c6-68ab-42e0-b098-c7cdcb25fa34											1.0				
a545c836-accf-48c3-9df2-34c8f7d3b4d1											1.0				
64ca52fb-1f5c-483a-8d07-6c209681333c											1.0				
db3fe191-cb30-4e3c-adfa-ce19d279033c											1.0				
eea85db5-fb12-43b0-83eb-8d3b1ec0c4ee											1.0				
768a6ca3-f90b-42ff-89c7-bdfa5ecf6e33											1.0				
479298a2-5842-402a-ac5a-02446035df96											1.0				
aee42767-1d49-40a7-abd4-451b4e1e502e											1.0				
8d3f17a7-5aab-44f8-82e8-38328709f687											1.0				
2ff4a22d-adf1-4338-b7ec-351a6aa73fda											1.0				
0b28eb0d-a146-4ef8-9ab3-d3d91db4255f											1.0				
a6f14248-e0e7-49c2-a8b8-37b744a45e7b											1.0				
ccd65625-41cf-4104-b403-f28a7bda079d											1.0				
6ef3dfe7-b5a9-4189-9165-e98965206968											1.0				
2f0fd03b-b6c8-43fc-af32-9e27434bf160											1.0				
9a9cd1ab-7ec9-4c81-9bb0-fc207965639d											1.0				
590839db-4e4e-45e5-8cca-3b43e6a515bf											1.0				
d3142346-fc9c-4f7f-afd9-e4bead41a3cb											1.0				
0861a865-4602-4f45-a05f-72eaae03d2da											1.0				
9e599229-b6d7-47c0-9b1f-5a69377b0318											1.0				
b05427a8-c6d7-4d06-a578-fe8e8c2ffc80											1.0				
9030cd84-1502-415d-9f4a-51c644e6e5de											1.0				
b20ecea3-bd15-4feb-8b4b-28a69d9ce5f1											1.0				
f782f7a2-1213-46af-80be-0d36663e9cb1											1.0				
68070b83-5a07-4fb2-bcd5-fe95b2fef149											1.0				
a34226d0-c0cc-4bd6-a075-220311e09a3c											1.0				
2a42cad5-bd7a-4dcb-bb4a-afa5db4e89b3											1.0				
046ad2d8-28a6-4daa-bde1-f283280f382b											1.0				
4db4a7e1-21f6-45c1-84b1-4a121843eefb											1.0				
5e77db7e-976e-4d6d-bff7-8f2acf6e50eb											1.0				
eb0e2744-b887-4f99-bce5-7884d0f562f5											1.0				
a0bb71a5-0866-479f-9703-7765e9e4f8a9											1.0				
204f6f62-c703-4cf7-b846-bf4e029115f2											1.0				
4315eb57-5ded-4083-bb10-e66b946b772e											1.0				
cff08b4a-009b-4f34-8f8a-851069e9aead											1.0				
c237c23d-1502-478e-b8c5-429c42222a73											1.0				
77249e5d-617e-407e-b871-d1eac2c39c57											1.0				
166f52bd-68a8-4ab4-9bf3-f3af082b0780											1.0				
7f285ad2-3668-4da0-8702-ceed8374730e											1.0				
1da4ecc3-5ff2-4596-b45c-b6ff6ca601b1											1.0				
e470d43b-b6a5-4ea9-a74d-6545117b6e69											1.0				
dcaff857-76d6-4bdb-9668-4e1b74179df6											1.0				
15c9d450-e181-4ed6-865f-0f6eeb4d1609											1.0				
27fdaeec-f390-48b0-b4c9-76c6f6d82882											1.0				
2e38edf7-6ae5-4145-8a5d-f78c1df56b6a											1.0				
bd671fe9-d1c5-44f0-b88e-d039b7c8833f											1.0				
77d4373c-6b00-488e-81cf-bca470bbe22b											1.0				
4099acaf-790a-4c45-91c8-9264548719f9											1.0				
c41c642f-f2c2-49cd-bec2-30b47e33dc0d											1.0				
282fd98a-78d2-435f-a9bd-c46cdbc3285f											1.0				
25556ccd-bee8-40b9-bfcd-1c9aaffaa650												1.0			
894d2912-3629-42f7-a15b-aef16d433cdf												1.0			
5e575404-d757-4889-a79e-8f57bd8d74bc												1.0			
ae934022-5761-4821-9576-4d5a9b89881b												1.0			
66575231-64b0-4b13-aeaf-63ddef32cabd												1.0			
c4ffc696-d087-4e6e-8229-c85c1ebdb9eb												1.0			
f061c7de-40ad-4839-a6f7-c915c61e4ac8												1.0			
d4b85a2c-c664-426c-8ec7-e4559b38182e												1.0			
412fbd64-0cf6-4c46-951a-64ad931daac5												1.0			
b2d5d6fa-6d58-4287-88fd-2418b433bea1												1.0			
3b288f0b-a840-4448-b732-f4b21a062769												1.0			
baf6042d-4f0e-4bb6-921e-a42f81e36488												1.0			
3a2ed854-302f-4ca6-9569-73edb2c15ece												1.0			
11280ce0-f518-4a32-8fbc-f7c5b0b9aca7												1.0			
abb5cff8-1b99-44ae-8b3f-289d6de42a5c												1.0			
97434009-a67c-41fa-ac1a-4cc0fbeded47												1.0			
35f01bc7-1a2c-4fd5-99a9-416c7d65eabf													1.0		
db71b8cd-0a98-469b-a1b3-29268c4c20c3													1.0		
e9ac3b7d-df9d-4987-ba3b-f99c09275ece													1.0		
a92739bb-0362-442a-9024-4b097d9961c5													1.0		
1a1625f8-5caa-4604-8c81-27688bead22b													1.0		
9cf3c3ec-738b-4bc6-a166-e77fcb818924													1.0		
e4cb0d16-349f-47e9-b03e-1e6468469440													1.0		
207c62e1-9da9-4278-ab0c-db6c9d0b6df5													1.0		
8da35726-aa09-4bb3-a4c3-727a66e15a3b													1.0		
84a0bd0e-6d71-4707-9685-9a8008e291fa													1.0		
5188c8fc-1023-4daf-b8ef-b080b054e5e7													1.0		
86c97313-ade0-4b29-a6b1-58d7c0d5bfc7													1.0		
bcdba668-1acd-46e7-90ab-e26fb885bd08													1.0		
d6811992-1de6-4cd7-b882-e3df665d7c29													1.0		
94815483-9edd-4afc-b573-71e5807fae43													1.0		
2675fb56-cb71-4e54-9286-68a940b3624a													1.0		
6d322c0f-ce9d-4b78-b0f2-53dab8ed371d													1.0		
57a5765a-a961-4dee-8339-7ad1a111b7d8													1.0		
c0c6254b-a680-48d1-8d98-1258fc829bac													1.0		
d427205c-0b13-4790-9bef-f65c58c36a8a													1.0		
94f37646-b6e7-4e6a-bf24-fb114265775d													1.0		
916bacb7-faa7-4ed6-9ec7-c5dcba664e61													1.0		
65a13fa1-6f33-45cc-985c-58c833ec9f31													1.0		
118f479c-ebf9-434e-a0e7-6d9c57b5e2c4													1.0		
b5b6d2e4-69d8-41bf-96f7-d2df5ed80f4d													1.0		
2d6afaea-d460-482f-b7c1-2795412aacc6													1.0		
4f0ccffe-8def-4949-baac-3eef351b6958													1.0		
886864c8-580c-4361-95d0-603325931d2e													1.0		
9df0a248-6a6d-4a17-8619-e0181fcef159														1.0	
e545ed2e-1dcb-4123-bbed-b64caa6d94a3														1.0	
eb3a753f-07a0-4494-a19b-981d234c2fe7														1.0	
b4b66539-b094-4d3e-aaa8-0836ebcfa796														1.0	
48674f45-9469-4f77-a554-e0609b892b30														1.0	
2903183a-74d0-448d-93b4-a55c963280ba														1.0	
34178578-0066-4bc9-b54f-7d7c1d8b1148														1.0	
0764005e-69be-43f0-8dda-827e9c384aba														1.0	
127ead76-e607-4607-9b94-f3a9574869aa														1.0	
0e6fed62-8c78-4408-8717-3e71dbf74cf9														1.0	
1f07b31a-6e01-4375-862a-94f1a40a7e19														1.0	
4eb80702-e578-4413-a145-020dc1460ea4															1.0
f786dd56-436c-4444-a240-e4d1a52970f9															1.0
9c63b015-9dbe-47cd-9cc5-fa3b0e8e6341															1.0
7f2b1337-cafe-47b2-b942-ea4c2db6eebe															1.0
e72099b0-5c08-4117-837f-e15c9036ce4c															1.0
117d0800-8ec9-4e1b-a3ae-d2e1c2e32590															1.0
aec00191-dded-4661-836e-4cdbeb4e804b															1.0
94117a53-d30f-43c4-934d-f593d7002a01															1.0
821fe7b6-6f3e-49f3-9c58-b5d677c683fe															1.0
b45f4a33-1acf-4fa3-9e3e-153aea3882f5															1.0
1ea754c2-cb6c-49e5-9291-c8f48e468a05															1.0
00afea5a-cfd7-4bdd-8aa5-48e521ea190b															1.0
c0168509-f778-42b6-9709-9347d3eba9f0															1.0
